model,TP,FP,FN,Precision mean,Recall mean,F1_score mean,no_scratches
v1_7_6,8328,8932,10030,0.4636680872516054,0.4936266173651569,0.4273727518746829,18455
v2_13_6,8248,9133,10110,0.4519292364308799,0.4900417772664022,0.4205331376215295,18553
v3_15_6,8325,9111,10033,0.4588399599453973,0.4947142622708359,0.425823981465485,18582
v4_16_6,4275,8142,14083,0.2886465614125901,0.2839497113422637,0.2490555139677865,14899
v8_22_6,8249,8767,10109,0.4640182055168526,0.4897157446253682,0.4265480274241625,18238
v9_25_6,6816,4952,11542,0.5005134803410108,0.414487042025948,0.4080076087540023,12278
v12_30_6,8325,8833,10033,0.46100904151499,0.4980702881804598,0.4293868295014962,18424
v13_01_7,8427,8898,9931,0.4620310512619925,0.4992266619175,0.4298971859167547,18428
